{
  "items": [
    {
      "id": 1,
      "title": "Miscellaneous Dishes",
      "description": "Eat off of real plates and bowls at your next dinner party. Adulting FTW.",
      "imageurl": "https://firebasestorage.googleapis.com/v0/b/boomtown-dfdd8.appspot.com/o/demo-images%2Fmisc-dishes.jpg?alt=media",
      "tags": [
        "Household Items"
      ],
      "itemowner": "k721A4pRNggCx7b6ryEE8vx1VIi1",
      "created": "2017-10-01 16:30:33.595884-07",
      "available": true,
      "borrower": null
    },
    {
      "id": 2,
      "title": "Camp Stove",
      "description": "All you need to cook gourmet meals on your next trek into the wild.",
      "imageurl": "https://firebasestorage.googleapis.com/v0/b/boomtown-dfdd8.appspot.com/o/demo-images%2Fcamp-stove.jpg?alt=media",
      "tags": [
        "Household Items",
        "Recreational Equipment"
      ],
      "itemowner": "Qdd5HoEin0OPxNUZcB5sDc7xGHD2",
      "created": "2017-10-01 16:29:49.31706-07",
      "available": false,
      "borrower": "eEvh1WUF5nb5eeUksUQb3Ph0kOU2"
    },
    {
      "id": 3,
      "title": "Flute",
      "description": "Like-new flute to lend. C'mon, you know you want to play it...",
      "imageurl": "https://firebasestorage.googleapis.com/v0/b/boomtown-dfdd8.appspot.com/o/demo-images%2Fflute.jpg?alt=media",
      "tags": [
        "Musical Instruments"
      ],
      "itemowner": "eEvh1WUF5nb5eeUksUQb3Ph0kOU2",
      "created": "2017-09-30 16:28:43.506291-07",
      "available": false,
      "borrower": "k721A4pRNggCx7b6ryEE8vx1VIi1"
    },
    {
      "id": 4,
      "title": "Hatchet",
      "description": "Chop things down, show nature who's boss. But be safe—alcoholic beverage not included.",
      "imageurl": "https://firebasestorage.googleapis.com/v0/b/boomtown-dfdd8.appspot.com/o/demo-images%2Fhatchet.jpg?alt=media",
      "tags": [
        "Tools"
      ],
      "itemowner": "Qdd5HoEin0OPxNUZcB5sDc7xGHD2",
      "created": "2017-09-29 16:28:24.616127-07",
      "available": true,
      "borrower": null
    },
    {
      "id": 5,
      "title": "Mix Tape",
      "description": "What's on it? Who knows! Borrow it and find out. Tape deck not included.",
      "imageurl": "https://firebasestorage.googleapis.com/v0/b/boomtown-dfdd8.appspot.com/o/demo-images%2Fmix-tape.jpg?alt=media",
      "tags": [
        "Physical Media"
      ],
      "itemowner": "k721A4pRNggCx7b6ryEE8vx1VIi1",
      "created": "2017-09-28 16:27:45.620653-07",
      "available": false,
      "borrower": "Qdd5HoEin0OPxNUZcB5sDc7xGHD2"
    },
    {
      "id": 6,
      "title": "Learn to Code Books",
      "description": "Learn HTML, CSS, JavaScript, and jQuery in 800 pages or less.",
      "imageurl": "https://firebasestorage.googleapis.com/v0/b/boomtown-dfdd8.appspot.com/o/demo-images%2Fcode-books.jpg?alt=media",
      "tags": [
        "Physical Media"
      ],
      "itemowner": "k721A4pRNggCx7b6ryEE8vx1VIi1",
      "created": "2017-09-27 16:27:13.965685-07",
      "available": true,
      "borrower": null
    },
    {
      "id": 7,
      "title": "Keyboard",
      "description": "Teach your cat to tickle these elephant-friendly (plastic) ivories.",
      "imageurl": "https://firebasestorage.googleapis.com/v0/b/boomtown-dfdd8.appspot.com/o/demo-images%2Fkeyboard.jpg?alt=media",
      "tags": [
        "Musical Instruments"
      ],
      "itemowner": "eEvh1WUF5nb5eeUksUQb3Ph0kOU2",
      "created": "2017-09-26 16:26:31.884544-07",
      "available": true,
      "borrower": null
    },
    {
      "id": 8,
      "title": "Baseball",
      "description": "Lightly-used baseball for you and your friend to enjoy at your next ball tournament.",
      "imageurl": "https://firebasestorage.googleapis.com/v0/b/boomtown-dfdd8.appspot.com/o/demo-images%2Fbaseball.jpg?alt=media",
      "tags": [
        "Recreational Equipment",
        "Sporting Goods"
      ],
      "itemowner": "k721A4pRNggCx7b6ryEE8vx1VIi1",
      "created": "2017-09-25 16:25:51.919316-07",
      "available": false,
      "borrower": "eEvh1WUF5nb5eeUksUQb3Ph0kOU2"
    },
    {
      "id": 9,
      "title": "Skateboard",
      "description": "Relive your youth! And try not to seriously injure yourself while doing it!",
      "imageurl": "https://firebasestorage.googleapis.com/v0/b/boomtown-dfdd8.appspot.com/o/demo-images%2Fskateboard.jpg?alt=media",
      "tags": [
        "Sporting Goods"
      ],
      "itemowner": "eEvh1WUF5nb5eeUksUQb3Ph0kOU2",
      "created": "2017-09-24 16:25:13.995983-07",
      "available": false,
      "borrower": "k721A4pRNggCx7b6ryEE8vx1VIi1"
    },
    {
      "id": 10,
      "title": "Iron and Ironing Board",
      "description": "Dress for the job you want, not the one you have, with freshly pressed shirts and slacks.",
      "imageurl": "https://firebasestorage.googleapis.com/v0/b/boomtown-dfdd8.appspot.com/o/demo-images%2Firon-and-board.jpg?alt=media",
      "tags": [
        "Household Items"
      ],
      "itemowner": "k721A4pRNggCx7b6ryEE8vx1VIi1",
      "created": "2017-09-23 16:24:21.397221-07",
      "available": true,
      "borrower": null
    },
    {
      "id": 11,
      "title": "Record Player",
      "description": "Required equipment to pass the Hipster School entrance exam.",
      "imageurl": "https://firebasestorage.googleapis.com/v0/b/boomtown-dfdd8.appspot.com/o/demo-images%2Frecord-player.jpg?alt=media",
      "tags": [
        "Electronics"
      ],
      "itemowner": "Qdd5HoEin0OPxNUZcB5sDc7xGHD2",
      "created": "2017-09-22 16:23:24.992259-07",
      "available": true,
      "borrower": null
    },
    {
      "id": 12,
      "title": "Polaroid Camera",
      "description": "In perfect working condition—the original Instagram app.",
      "imageurl": "https://firebasestorage.googleapis.com/v0/b/boomtown-dfdd8.appspot.com/o/demo-images%2Fpolaroid.jpg?alt=media",
      "tags": [
        "Electronics"
      ],
      "itemowner": "Qdd5HoEin0OPxNUZcB5sDc7xGHD2",
      "created": "2017-09-22 16:22:46.097822-07",
      "available": false,
      "borrower": "k721A4pRNggCx7b6ryEE8vx1VIi1"
    },
    {
      "id": 13,
      "title": "Book Collection",
      "description": "Musty old volumes to enjoy. Includes Shakespeare, Dickens, Poe, and more.",
      "imageurl": "https://firebasestorage.googleapis.com/v0/b/boomtown-dfdd8.appspot.com/o/demo-images%2Fbook-collection.jpg?alt=media",
      "tags": [
        "Physical Media"
      ],
      "itemowner": "k721A4pRNggCx7b6ryEE8vx1VIi1",
      "created": "2017-09-21 16:21:50.699373-07",
      "available": true,
      "borrower": null
    },
    {
      "id": 14,
      "title": "Drone",
      "description": "Be that guy! Spy on your neighbour's from a bird's eye view instead through the drapes.",
      "imageurl": "https://firebasestorage.googleapis.com/v0/b/boomtown-dfdd8.appspot.com/o/demo-images%2Fdrone.jpg?alt=media",
      "tags": [
        "Electronics"
      ],
      "itemowner": "eEvh1WUF5nb5eeUksUQb3Ph0kOU2",
      "created": "2017-09-20 16:21:02.910345-07",
      "available": true,
      "borrower": null
    },
    {
      "id": 15,
      "title": "Playstation",
      "description": "New Playstation to lend for those times when analog fun just won't do the trick.",
      "imageurl": "https://firebasestorage.googleapis.com/v0/b/boomtown-dfdd8.appspot.com/o/demo-images%2Fplaystation.jpg?alt=media",
      "tags": [
        "Electronics"
      ],
      "itemowner": "Qdd5HoEin0OPxNUZcB5sDc7xGHD2",
      "created": "2017-09-19 16:20:17.023582-07",
      "available": true,
      "borrower": null
    },
    {
      "id": 16,
      "title": "Hammers",
      "description": "Every problem will definitely look like a nail with this set of well-worn hammers.",
      "imageurl": "https://firebasestorage.googleapis.com/v0/b/boomtown-dfdd8.appspot.com/o/demo-images%2Fhammers.jpg?alt=media",
      "tags": [
        "Tools"
      ],
      "itemowner": "k721A4pRNggCx7b6ryEE8vx1VIi1",
      "created": "2017-09-18 16:19:29.381919-07",
      "available": false,
      "borrower": "Qdd5HoEin0OPxNUZcB5sDc7xGHD2"
    },
    {
      "id": 17,
      "title": "Canoe",
      "description": "Row, row, your boat. Paddles included. Life is but a dream.",
      "imageurl": "https://firebasestorage.googleapis.com/v0/b/boomtown-dfdd8.appspot.com/o/demo-images%2Fcanoe.jpg?alt=media",
      "tags": [
        "Recreational Equipment"
      ],
      "itemowner": "eEvh1WUF5nb5eeUksUQb3Ph0kOU2",
      "created": "2017-09-18 16:18:19.625575-07",
      "available": true,
      "borrower": null
    },
    {
      "id": 18,
      "title": "Purple Racing Bike",
      "description": "Get exercise while having fun in the sun on this super-cool bike.",
      "imageurl": "https://firebasestorage.googleapis.com/v0/b/boomtown-dfdd8.appspot.com/o/demo-images%2Fpurple-bike.jpg?alt=media",
      "tags": [
        "Recreational Equipment"
      ],
      "itemowner": "Qdd5HoEin0OPxNUZcB5sDc7xGHD2",
      "created": "2017-09-18 16:14:03.597363-07",
      "available": true,
      "borrower": null
    },
    {
      "id": 19,
      "title": "Leica Camera",
      "description": "Range-finding fun for the whole family.",
      "imageurl": "https://firebasestorage.googleapis.com/v0/b/boomtown-dfdd8.appspot.com/o/demo-images%2Fleica.jpg?alt=media",
      "tags": [
        "Electronics"
      ],
      "itemowner": "Qdd5HoEin0OPxNUZcB5sDc7xGHD2",
      "created": "2017-09-17 16:12:11.174503-07",
      "available": true,
      "borrower": null
    },
    {
      "id": 20,
      "title": "Chain Saw",
      "description": "Great to have on hand because you never know when you'll need to show Mother Nature who's boss.",
      "imageurl": "https://firebasestorage.googleapis.com/v0/b/boomtown-dfdd8.appspot.com/o/demo-images%2Fchain-saw.jpg?alt=media",
      "tags": [
        "Tools"
      ],
      "itemowner": "k721A4pRNggCx7b6ryEE8vx1VIi1",
      "created": "2017-09-16 16:11:18.583749-07",
      "available": false,
      "borrower": "eEvh1WUF5nb5eeUksUQb3Ph0kOU2"
    },
    {
      "id": 21,
      "title": "Lawnmower",
      "description": "Working-condition lawnmower will fulfill all of your grass-cutting needs.",
      "imageurl": "https://firebasestorage.googleapis.com/v0/b/boomtown-dfdd8.appspot.com/o/demo-images%2Flawnmower.jpg?alt=media",
      "tags": [
        "Household Items"
      ],
      "itemowner": "eEvh1WUF5nb5eeUksUQb3Ph0kOU2",
      "created": "2017-09-15 16:06:12.503874-07",
      "available": true,
      "borrower": null
    }
  ],
  "users": [
    {
      "id": "eEvh1WUF5nb5eeUksUQb3Ph0kOU2",
      "email": "mandi@redacademy.com",
      "fullname": "Mandi Wise",
      "bio": "Learn 'em good."
    },
    {
      "id": "k721A4pRNggCx7b6ryEE8vx1VIi1",
      "email": "mackenzie@redacademy.com",
      "fullname": "Mackenzie Kieran",
      "bio": "Thar she blows."
    },
    {
      "id": "Qdd5HoEin0OPxNUZcB5sDc7xGHD2",
      "email": "edivan@redacademy.com",
      "fullname": "Edivan Henrique",
      "bio": "I like dancing :)"
    }
  ]
}
